{
  "model_name": "RandomForest",
  "run_id": "1ed2a36c229d4752ac38ec2dab039341",
  "mae": 47.874944359705715,
  "rmse": 133.71962568287066,
  "r2": 0.9991437111282135,
  "params": {
    "n_estimators": 300,
    "min_samples_split": 2,
    "min_samples_leaf": 2,
    "max_features": null,
    "max_depth": 20
  }
}